"action","text"
"1_activity","Piensa en todas las actividades **intensas** que has realizado en los **√∫ltimos 7 d√≠as**. Las actividades f√≠sicas **intensas** se refieren a aquellas que implican un esfuerzo f√≠sico intenso y que lo hacen respirar mucho m√°s intensamente que lo normal. Piensa solo en aquellas actividades f√≠sicas que realizaste durante **por lo menos 10 minutos seguidos**.
"
"2_activity","Piense en todas las actividades **moderadas** que has realizado en los **√∫ltimos 7 d√≠as**. Las actividades **moderadas** son aquellas que requieren un esfuerzo f√≠sico moderado que lo hace respirar algo m√°s intensamente que lo normal. Piensa solo en aquellas actividades f√≠sicas que realizaste durante **por lo menos 10 minutos seguidos**.
"
"3_activity","Piense en el tiempo que dedicaste a **caminar** en los **√∫ltimos 7 d√≠as**. Esto incluye caminar en el trabajo o en la casa, para trasladarse de un lugar a otro, o cualquier otra caminata que podr√≠as hacer solamente para la recreaci√≥n, el deporte, el ejercicio o el ocio
"
"4_activity","La √∫ltima pregunta es acerca del tiempo que pas√≥ usted **sentado** durante los d√≠as h√°biles de los **√∫ltimos 7** d√≠as. Esto incluye el tiempo dedicado al trabajo, en la casa, en una clase, y durante el tiempo libre. Puede incluir el tiempo que pas√≥ sentado ante un escritorio, visitando amigos, leyendo, viajando en √≥mnibus, o sentado o recostado mirando la televisi√≥n.
"
"be_number","¬°Lo siento, pero la respuesta a esta pregunta debe ser un n√∫mero!
"
"credits","El proyecto Wakamola ha sido desarrollando por el grupo de investigaci√≥n BDSLab de la Universitat Polit√®nica de Val√®ncia en colaboraci√≥n con Taipei Medical University, bajo el asesoramiento m√©dico y experto del hospital La Fe, y el asesoramiento en nutrici√≥n de expertos de la Facultad de Farmacia de la Universitat de Val√®ncia.

Han contribuido a que este proyecto sea posible:

- Vicent Blanes, MSc
- Juan M. Garc√≠a-G√≥mez, PhD
- Sabina Asensio-Cuesta, PhD
- Alberto Conejero, PhD
- Shabbir Syed Abdul, MD, MSc, PhD
- Yu-Chuan (Jack) Li, MD, PhD
- Salvador Tortajada, PhD
- Ruth Vilar-Mateo, PhD
- Juan Francisco Merino-Torres, MD, PhD
- Matilde Rubio Almanza, MD
- Ana Frigola, PhD

Dise√±adores gr√°ficos (ETSID, UPV):
-M¬™ Dolores Blanco
-√Ångel Esteban
-Marta Lavall
"
"end_activity","Gracias por hablarme tambi√©n de tu actividad f√≠sica. Con todo lo que hemos hablado he calculado tu Wakaestado, haz click en el bot√≥n :green_heart: Wakaetado para conocerlo.
"
"end_food","Ya s√© muchas cosas sobre tu alimentaci√≥n, ahora hablemos de tu actividad f√≠sica semanal.

Pulsa :person_running: Actividad para empezar.
"
"end_personal","Gracias por contestar, ya conozco m√°s sobre ti.

¬øPodemos hablar ahora de tu alimentaci√≥n? Haz click en el bot√≥n :green_apple: Dieta
"
"food_intro","En el cuestionario de alimentaci√≥n tendr√°s que indicar cuantas veces de *media* consumes los siguientes alimentos *POR DIA*.
"
"food_weekly","¬°Perfecto! Ahora me gustar√≠a saber cuantas veces tomas los siguientes alimentos *POR SEMANA*
"
"generic_tip","No has respondido todav√≠a a todas las preguntas, un consejo gen√©rico ser√° enviado en las siguentes fases del desarrollo
"
"keyboard_social","Familia
Pareja
Amigo
Compa√±ero de trabajo
Otro
"
"not_supported","Este tipo de mensaje no tiene soporte de momento
"
"numeric_response","Las preguntas est√°n dise√±adas para ser respondidas con un valor num√©rico *v√°lido*. Unicamente aquellas que se indican pueden ser respondidas con si/no.
"
"options",":bust_in_silhouette: Personal
:green_apple: Dieta
:person_running: Actividad
:green_heart: Wakaestado
:memo: Consejos
:speech_balloon: Wakared
:light_bulb: Acerca de Wakamola
:point_right: Iniciar
"
"select","¬°Elige una opci√≥n!
"
"social","Me gustar√≠a poder ayudar tambi√©n a tus amigos y familiares.
Cuanto mejor sea el Wakaestado de tu entorno mejor ser√° el tuyo e ir√© actualizandolo para ti peri√≥dicamente.
Para compartirme √∫nicamente tienes que reenviar la siguiente imagen.
¬°Gracias por compartirme!
"
"wakaestado","La puntuaci√≥n de tu Wakaestado es: {} sobre 100
"
"wakaestado_parcial","Por ahora con la informaci√≥n que tengo sobre ti este es tu Wakaestado: {} sobre 100
"
"welcome","¬°Hola encantado de hablar contigo!
Voy a hacerte algunas preguntas para conocerte y poder darte un Wakaestado.

Te recomiendo que empieces por el cuestionario :bust_in_silhouette: Personal
"
"social_roles","Casa :house:
Familia :woman: :man: :old_woman:
Amigos  :busts_in_silhouette:
Trabajo :briefcase:
He terminado de compartir :thumbs_up:"
"wakaestado_detail","La puntuaci√≥n de tu Wakaestado es: {} sobre 100

{} puntos por {} del Wakaestado medio de tus {} Wakacontactos!

Desglose de tu Wakaestado (puntuaciones sobre 100):

Wakaalimentacion: {}

Wakaactvidad: {}

WakaIMC {} (Tu √≠ndice de Masa Corporal es {} que corresponde a {})

Wakasocial {} (Calculado a partir del Wakaestado de tus contactos)"
"get_details","Detalles Wakaestado"
"after_wakaestado_detail","Recu√©rda que puedes actualizar tu Wakaestado tantas veces como quieras volviendo a responder a mis preguntas"
"h4ck","s4v3 Us, W4k4m0L4"
"edit","Recuerda que puedes cambiar tu respuesta manteniendo pulsado sobre ella y editando el mensaje."
"pesos","Peso bajo
peso normal
sobrepeso
obesidad tipo 1
obesidad tipo 2
obesidad tipo 3"
"generos","Hombre
Mujer
Otro
No responder"
"estudios","Sin estudios
Primaria
Secundaria
Superior"
"estado_civil","Soltero
Casado/Pareja
Viudo
Otro"
"wakaestado_detail2","Cuando m√°s grande sea tu red Wakamola mejor ser√° tu puntuaci√≥n Wakasocial!"
"wakaestado_detail3","Ahora puedes elegir la opci√≥n de compartirme para conseguir muchos m√°s :avocado::avocado::avocado:‚Ä¶"
"share","Tienes {} Wakacontactos :woman: :man: :old_woman: :house: :briefcase:

{} Casa, {} Familia, {} Amigos y {} Trabajo"
"share_copy","
*¬°Copia y pega los enlaces para invitar!*"
"share2","Invitar a Casa :house:
{}"
"posicion_media","debajo
arriba"
"share3","Invitar a Familia :woman::man::old_woman:
{} "
"share4","Invitar a Amigos :busts_in_silhouette:
{}"
"share5","Invitar a Trabajo üíº:briefcase:
{}"
